video_url,post_date,caption,likes,comments,views,duration_seconds,transcript
https://www.instagram.com/nick_saraev/reel/DSm-QQ_Dxh3/,2025-12-23,"Comment ""GOOGLE"" to get all these Free AI Vibe Coding Tools by Google.

While everyone's been losing their minds over ChatGPT and Cursor. Google has been quietly dropping over 10+ free AI coding tools. The best part? They're all free. No catch.

Start with Antigravity. It's Google's AI code editor. Works like Cursor. I recently asked it to build a simple dashboard app. Just typed: ""Make a responsive e-commerce page with login."" Boom. Full code. Preview. Ready to deploy. Like having a dev friend who never sleeps.

Then Google AI Studio. Perfect for quick AI apps. Drag blocks. Add Gemini. Seconds later? A chatbot or image tool. Think of it as Lego for prototypes. Fast. Fun. No code needed.

Next, Stitch. Their AI design tool. Upload a wireframe. Or describe it. ""Clean fintech UI with dark mode."" It spits out designs. Plus front-end code in HTML or React. Designers love this. Like magic for sketches.

Opal comes next. Mixes n8n workflows with no-code ease. Build AI apps. Use models like Veo 3 for video. Or Nano Banana for light tasks. Here's why people keep using it:

 1. Wires automations in minutes
 2. Handles marketing flows or ops
 3. No servers to worry about

Like n8n met a friendly builder.

Finally, Jules. The AI coding agent. Connect your GitHub. Tell it: ""Add user onboarding. Run tests."" It builds features. Fixes bugs. Manages the whole codebase. I tried it on my side project last week. Saved hours. Feels like a junior dev on your team.

That's five from 12. Others like Project IDX for cloud coding. Gemini Code Assist for your editor. Makani for workflows and much more

#googleai #vibecoding #aicoding #antigravityai #aitools",33556,9744,,48.302,"While everybody's been obsessing over Chatchy Beauty and Cursor, Google silently released 10 AI vibe coding tools, and the best part, they're completely free. First, we have ANSI Gravity, their new AI code editor, which works just like Cursor, and lets you build fully functional apps and websites with just simple text prompts. Then we got Google's AI Studio, which is perfect for spinning up quick AI powered apps in seconds. Next is Stitch, their AI design tool that turns your prompts and wire frames into literally full UI designs in front-end code. After that, it's Opal, which is basically a combination of an 8 and a lovable, perfect for building no code AI apps powered by their models, like they have 3 and now banana. And finally, Joules, their AI coding agent that connects your GitHub and can build entire features, run tests, fix bugs, and manage your whole code base all in its own. And these are just 5 of the 12 tools that they launched so far. So if you guys want the fullest for yourself, just comment Google and I'll send them to you directly."
https://www.instagram.com/nick_saraev/reel/DSu3h2Fj1oM/,2025-12-26,"Comment ""GOOGLE"" to get this New AI Browser from Google called Disco.

Google just unveiled Disco. Their new AI browser. It mixes quick Googling with Vibe Coding. You describe your goal. AI builds the code. Simple as that.

What powers it? GenTabs. This feature scans every open tab. It spots your patterns. Then it makes mini-apps for your tasks. No more tab mess. One clean dashboard instead.

Picture this. Like turning scattered puzzle pieces into a full picture.

Real-world examples to make it clear:

 1. Travel tips? It builds a Trip Planner app. Live maps. Hotel prices side by side. Flight deals. Weather info. All from your tabs. Drag pins. Change budgets. Easy.

 2. Space fan? Get a 3D solar system. Orbit planets. Check craters. Take quizzes. Like a personal planetarium.

 3. Dev work. Scan Cursor docs. GitHub repos. n8n flows. Boom. Live automation dashboard. Test agents. Fix prompts. Build prototypes fast.

I recently asked ChatGPT to sort my messy travel tabs. Took forever. Disco? It does this in seconds. From real tabs. No extra work.

Built on Gemini AI. It reads your history. Grabs fresh web data. Apps grow as you browse. Testers cut research time by 70%. Good for AI
builders around the world. Speeds up no-code work.

The catch? Invite-only now. Go to Google's AI blog and Join the wishlist.

#googledisco #AIBrowser #Googleai #vibecoding #googlegemini",27479,14160,,37.825,"Google just dropped Disco, their new AI browser that basically combines Googling with vibe coding and it works by using a new feature called Gen tabs. It basically scans all your open browser tabs, then spots patterns in your browsing and instantly turns them into task-specific custom mini apps. So instead of switching between 20 different pages, Disco scans them all and then builds you a single interactive dashboard. For example, if you ask for travel tips, it'll create a full trip planner app with interactive maps and hotel price comparisons. Ask about space and it'll generate you 3D solar systems you can actually explore and then quiz yourself on. Right now, it's strictly invite only, so if you want the link to try it, just comment Google down below and I'll send it to you directly."
https://www.instagram.com/nick_saraev/reel/DVYyP3KD2J5/,2026-03-02,"Comment ""VIDEO"" to get this AI that can create Long-form Videos In minutes.

You can now build entire YouTube channels. With one AI tool.

It's called VidRush. The world's first AI tool. It turns simple text prompts into full 1-hour-long documentary videos. All on its own.

You give it a video idea. Like ""AI tools for no-code apps."" It researches. Writes a complete script. Easy.

Then it scans the internet. Finds real-world footage that fits your story. Can't find the right clip? It makes custom motion graphics. Fills the gap. Perfect.

From there. Voiceover added. Text pops up. Transitions flow. Sound effects kick in.

Finally. Everything loads into an editing timeline. Adjust any part. Just chat with it. Say ""Shorten the intro."" Done.

Your long-form video. Ready to upload.

I tried it last week. Asked for a doc on Jammu tech startups. Typed the idea. Got a 45-minute video in under an hour. Script nailed local facts.

Footage mixed stock clips with AI graphics. Like having a full crew. But faster than ordering chai.

Why does this work so well? Because VidRush handles the hard parts. Research. Like a librarian on speed. Footage hunt. Like a pro scout.

Editing. Like your best friend with tweaks.

Chances are, if you love making videos, you'll:

 1. Post more often
 2. Grow your channel faster
 3. Spend less time grinding

Think of it this way. Building videos used to be like climbing a mountain. Now? A quick walk in the park. Prompt. Wait. Upload.

Perfect for folks like us in tech. Scaling AI content. No camera needed. Just ideas.

#aiyoutube #facelessyoutube #AIediting #vidrushai #youtubeautomation",25559,21111,,40.193,"You can now build entire YouTube channels using this one AI tool called vidrush. It's the world's first AI that can turn your simple text prompts into full one-hour long documentary videos entirely on its own. You just give it a video idea, and it'll research and write a complete script for you. Then it scans the entire internet to find real world footage that matches your story. And if you can't find the right clip, it'll automatically generate custom motion graphics to fill that gap. From there, it adds voiceovers, text, transitions, and sound effects. And finally, it'll load everything into an editing timeline where you can adjust any part of the video just by chatting with it. And just like that, your long-form video is ready to upload. So, want to give it a try? Just comment video and I'll send you the link directly."
https://www.instagram.com/nick_saraev/reel/DRUbY-3D7ef/,2025-11-21,"Comment ""MARKTING"" to get this New Free AI Marketing Agent by Google.

Google just released Pomelli, a new AI tool that automates your entire marketing—and it’s free. You start by pasting in your website link.

The AI scans everything: your text, images, colors, fonts, and overall style. It creates a “Business DNA” profile so it truly understands your brand voice and look.

Then, Pomelli gets to work. It generates multiple campaign ideas tailored specifically to you. These aren’t just generic suggestions. 

They are crafted based on your brand identity and what fits your audience. You can pick a campaign that suits your goals or type in a prompt if you already have an idea.

What’s cool? Pomelli creates all the content for you. That means captions, posts, headlines, and visuals—ready to go.

And all these assets are editable. You can tweak the text, swap images, or change layouts right inside the platform. No need for design skills or a big marketing team.

For example, if you run a small online store, Pomelli can make social media posts, ads, and web banners that match your product style.

Or if you’re a local service like a salon, it helps create promotional content for events or special offers.

The best part? Pomelli saves you tons of time and effort. Instead of juggling brainstorming, writing, and designing, you get polished, consistent marketing assets in minutes. It’s like having a marketing department in a box.

This tool lowers the barrier for small brands and creators to produce professional marketing campaigns that stay true to their unique style.

No more hours wasted or expensive agencies needed. Pomelli makes creating consistent, on-brand content easy and accessible for everyone.

In short, paste your website, get your brand’s DNA, choose or create campaigns, then edit and share your new marketing assets—all free and straightforward. This could change how small businesses handle marketing forever.

#googlepomelli #googleai #aitools #ainews #aiindia #aicommunity #nicksaraev #aimarketing #marketingtools",17345,6129,,25.61,"Google just launched Pamelli. It's their new AI agent that automates your entire marketing stack, and it's completely free. You just paste in your website links, the AI will actually scan your whole website, all of its visuals, all your voice, and literally everything. And then it'll generate multiple campaign ideas based on your brand, complete with all the content, captions, visuals, and everything you need all on its own. Plus, all the assets are easily editable, so you can tweak the campaigns however you want. So, want to give it a try for yourself? Just comment marketing down below on the end of the link directly."
https://www.instagram.com/nick_saraev/reel/DV3urkxj4yv/,2026-03-14,"Comment ""CODING"" to get Free and Opensource Alternative to Claude Code called OpenCode.

Discover OpenCode. It's a free and open-source pick instead of Claude Code. You can vibecode full-stack apps. No limits. No paywalls.

Think of it like this. Paid tools cut you off mid-project. OpenCode? It keeps going. I tried it last week. Asked it to build a simple SaaS dashboard. Done in minutes. No hassle.

You get top coding models. From Kimi. MiniMax. GLM. Even some unreleased ones from big AI companies. Free limits are plenty big. Like having an endless candy jar. No rationing.

Features match what you need. Commands for quick tasks. MCP servers to host stuff. Skills you can tweak. Subagents that split the work. All there. Ready to use.

Getting started takes seconds. Two ways. Download the app from their site. Or run one command in your terminal.

Hit enter. You're in. Built a todo app right away. Felt smooth.

Why does this fit you? Because anytime you want to test AI for apps or automations, chances are you'll:

 1. skip paid subs
 2. build faster with free models
 3. share tips on YouTube

It's like Claude Code without the bill. Perfect for no-code vibes. Or Python scripts. Even client SaaS projects.

The good news? You control it all. No waiting for credits. Just code.

Try it now. Pick a small project. Watch it flow.

#claudecode #opencode #opensourceai #aicoding #opensourceai",5733,3900,,32.787,"This is a free and open-source alternative to Claude code that lets you vibe code full stack apps with no limits and no paywalls. It's called open code and here you get free access to top coding models from Kimmy, Mini Max, GLM, and multiple unreleased models from top AI companies all with generous free limits. Plus you still get all the features you'd expect like commands, MCP servers, skills, sub agents, and more. Now to use it, either download their app from their website or just run this one command in your terminal to install it and then you're done. So if you want to try it for yourselves, just comment coding and I'll send you the link directly."
